Customer ID,Customer Name,Email,Phone Number,City,State,Country,Postal Code
1000,Neel Iyengar,lila65763@gmail.com,2407581814,Dehradun,Uttarakhand,India,247826
1001,Tristan Seshadri,ladli46783@gmail.com,00606853615,Pune,Maharashtra,India,051522
1002,Bhavini Sodhi,dchaudhari90@gmail.com,2779010432,Chandigarh,Chandigarh,India,143410
1003,Oni Shankar,kevin51897@gmail.com,+911798089324,Hyderabad,Telangana,India,095396
1004,Frederick Viswanathan,alexanderparmar109@gmail.com,01888880670,Shimla,Himachal Pradesh,India,540515
1005,Hemang Natarajan,karishaan507@gmail.com,+910585277221,Vadodara,Gujarat,India,043030
1006,Dayita Varma,jyoti78124@gmail.com,08740345054,Pune,Maharashtra,India,566765
1007,Watika Tank,kotaraksha232@gmail.com,08416169284,Vadodara,Gujarat,India,115447
1008,Ojas Sawhney,nilima12295@gmail.com,07059640165,Surat,Gujarat,India,029702
1009,Warinder Peri,nilima56804@gmail.com,06909275571,Delhi,Delhi,India,856543
1010,Atharv Grewal,dgandhi380@gmail.com,08681447394,Surat,Gujarat,India,312172
1011,Gagan Nagarajan,cseshadri315@gmail.com,5188442258,Bengaluru,Karnataka,India,132370
1012,Jyoti Sibal,meghana24306@gmail.com,2911467866,Indore,Madhya Pradesh,India,251778
1013,Kabir Gopal,fsarma623@gmail.com,+916801824225,Noida,Uttar Pradesh,India,584143
1014,Jeremiah Mitter,kabirsoman169@gmail.com,8182992299,Vadodara,Gujarat,India,900109
1015,Shivansh Saha,hviswanathan69@gmail.com,0784473647,Vadodara,Gujarat,India,027677
1016,Harini Dhawan,hthakkar701@gmail.com,05562588153,Kochi,Kerala,India,147321
1017,Bina Rajagopalan,damyanti30442@gmail.com,6325953278,Bhopal,Madhya Pradesh,India,747016
1018,Wridesh Kale,mray280@gmail.com,5004797480,Panaji,Goa,India,624565
1019,Nandini Behl,williamdate652@gmail.com,8358416878,Jaipur,Rajasthan,India,991216
1020,Harinakshi Pau,faris22152@gmail.com,+913986800025,Kolkata,West Bengal,India,872982
1021,Eiravati Gaba,joshua81608@gmail.com,09495888794,Noida,Uttar Pradesh,India,055169
1022,Avi Som,lajitawalia180@gmail.com,09930972896,Gurgaon,Haryana,India,309130
1023,Dipta Sahota,qvyas25@gmail.com,+916368970283,Bhopal,Madhya Pradesh,India,786527
1024,Irya Lalla,balayganga377@gmail.com,7334843443,Pune,Maharashtra,India,575844
1025,Ladli Rana,vsastry790@gmail.com,02404157473,Jaipur,Rajasthan,India,848421
1026,Xavier Bedi,amaradeep979@gmail.com,8330165712,Chandigarh,Chandigarh,India,826773
1027,Ekani Mangal,dbansal324@gmail.com,0193802620,Ahmedabad,Gujarat,India,724004
1028,Gautami Mane,mitalyashica796@gmail.com,08872874315,Noida,Uttar Pradesh,India,742054
1029,Parth Ravi,nayarkaran68@gmail.com,08516122753,Mysuru,Karnataka,India,463745
1030,Advay Lal,aishanibumb529@gmail.com,5301742684,Lucknow,Uttar Pradesh,India,459332
1031,Michael Sha,amarabora40@gmail.com,9568783391,Nagpur,Maharashtra,India,851910
1032,Mason Gala,bhargavaveer109@gmail.com,08713971870,Bhopal,Madhya Pradesh,India,286790
1033,Darika Bains,bratti65@gmail.com,04039106518,Panaji,Goa,India,170462
1034,Osha Prasad,radhakrishnanfarhan923@gmail.com,07661825128,Bhubaneswar,Odisha,India,823004
1035,Panini Wali,baldevika620@gmail.com,03375243106,Panaji,Goa,India,331190
1036,Chanakya Konda,advaith83559@gmail.com,0673830284,Bengaluru,Karnataka,India,959953
1037,Luke Verma,dsaini892@gmail.com,+916440892687,Mumbai,Maharashtra,India,568566
1038,Charita Puri,manbirahluwalia907@gmail.com,+918733427086,Nagpur,Maharashtra,India,882634
1039,Ganga Brar,chaitanya60711@gmail.com,05183046990,Surat,Gujarat,India,398373
1040,Chavvi Aurora,ikaur200@gmail.com,+913173936385,Vadodara,Gujarat,India,678544
1041,Yochana Tank,sainidiya243@gmail.com,01753556093,Hyderabad,Telangana,India,048996
1042,Michael Hayre,urvashi66550@gmail.com,03693785477,Bengaluru,Karnataka,India,252287
1043,Daniel Viswanathan,narayanjason559@gmail.com,+911006231203,Visakhapatnam,Andhra Pradesh,India,509977
1044,Abeer Wali,gautamsaraf215@gmail.com,6008484086,Kolkata,West Bengal,India,118233
1045,Irya Loke,chackopriya151@gmail.com,01567933410,Kochi,Kerala,India,666870
1046,Onveer Butala,ranganathanbrijesh507@gmail.com,06591803397,Jaipur,Rajasthan,India,014890
1047,Divya Babu,williamrajagopal179@gmail.com,+919261429396,Ahmedabad,Gujarat,India,621850
1048,Rajeshri Kata,andratara885@gmail.com,+915999650477,Panaji,Goa,India,586629
1049,Frederick Merchant,triyagopal531@gmail.com,+911142626551,Patna,Bihar,India,047541
1050,Gagan Grover,harshilpandya673@gmail.com,07888610158,Shimla,Himachal Pradesh,India,995604
1051,Lipika Chad,aadinaik173@gmail.com,8398262244,Bengaluru,Karnataka,India,721264
1052,Chandani Sule,wchand568@gmail.com,+915437993712,Shimla,Himachal Pradesh,India,065965
1053,Gaurika Sani,cmanne392@gmail.com,9245937526,Pune,Maharashtra,India,479356
1054,Maya Patla,patildayamai524@gmail.com,+919398280737,Patna,Bihar,India,167243
1055,Mitesh Sampath,aadhya52121@gmail.com,01797968868,Lucknow,Uttar Pradesh,India,589113
1056,Ojas Basu,randhawadayita398@gmail.com,6561014388,Chennai,Tamil Nadu,India,756798
1057,Hemani Bakshi,jasonsha494@gmail.com,01461125457,Nagpur,Maharashtra,India,875717
1058,Eiravati Bhavsar,pushtibal265@gmail.com,00105123828,Raipur,Chhattisgarh,India,586736
1059,Quincy Sankaran,thomasamble399@gmail.com,00937966033,Visakhapatnam,Andhra Pradesh,India,191825
1060,Ronith Shankar,manbir90426@gmail.com,+914785969691,Gurgaon,Haryana,India,579249
1061,Krish Munshi,gsubramanian356@gmail.com,+913412528669,Lucknow,Uttar Pradesh,India,966278
1062,Ojas Suri,bhavini3642@gmail.com,02257905072,Surat,Gujarat,India,688767
1063,Sachi Suresh,fswamy381@gmail.com,+911903404384,Ranchi,Jharkhand,India,797881
1064,Amrita Peri,sameshbiswas494@gmail.com,0783613407,Mysuru,Karnataka,India,517133
1065,Priya Gandhi,joshua3667@gmail.com,2330958498,Kochi,Kerala,India,544948
1066,Krishna Sabharwal,pradhankalpit204@gmail.com,+914223253672,Mumbai,Maharashtra,India,667116
1067,Jyoti Sha,rsachdeva677@gmail.com,05901751863,Noida,Uttar Pradesh,India,374545
1068,Vedhika Oza,chanderwarjas575@gmail.com,0017012770,Raipur,Chhattisgarh,India,324241
1069,Zashil Butala,anamikayohannan891@gmail.com,02064361103,Visakhapatnam,Andhra Pradesh,India,129387
1070,Abhiram Oza,ethansathe263@gmail.com,+916271361115,Lucknow,Uttar Pradesh,India,426221
1071,Nitesh Sarraf,munshiprisha892@gmail.com,03269731121,Panaji,Goa,India,565234
1072,Yuvraj Mane,keerbhavna716@gmail.com,0438983640,Noida,Uttar Pradesh,India,761379
1073,Advik Patel,zkala859@gmail.com,02696582710,Hyderabad,Telangana,India,043006
1074,Yachana Sagar,shivansh53864@gmail.com,06188924141,Shimla,Himachal Pradesh,India,285691
1075,Rajeshri Khare,yatinyohannan743@gmail.com,+913161799042,Ahmedabad,Gujarat,India,020275
1076,Ojas Prabhu,finn92331@gmail.com,+914105648149,Jaipur,Rajasthan,India,778507
1077,Jhalak Dugar,aishanihora562@gmail.com,01913800030,Hyderabad,Telangana,India,562208
1078,Udarsh Nagy,ssahni895@gmail.com,+916541951802,Shimla,Himachal Pradesh,India,806174
1079,Falak Chadha,vyadav286@gmail.com,7053494937,Hyderabad,Telangana,India,973832
1080,Nimrat Bajwa,chanayashica687@gmail.com,+918505064138,Thiruvananthapuram,Kerala,India,670241
1081,Vincent Venkatesh,fbhavsar264@gmail.com,05719182619,Visakhapatnam,Andhra Pradesh,India,623445
1082,Eta Nadkarni,mistryhemang294@gmail.com,04313291212,Ahmedabad,Gujarat,India,756185
1083,Siya Morar,dayamaisingh80@gmail.com,04112490352,Jaipur,Rajasthan,India,356804
1084,Owen Balasubramanian,karan14734@gmail.com,07883171210,Lucknow,Uttar Pradesh,India,323651
1085,Falan Bains,timothy17253@gmail.com,+913721510702,Surat,Gujarat,India,670662
1086,Tanish Grover,qwadhwa613@gmail.com,04720999347,Kolkata,West Bengal,India,870146
1087,Oni Iyengar,mukherjeekrisha61@gmail.com,8380657875,Gurgaon,Haryana,India,642059
1088,Ayushman Mand,mohammedsubramaniam197@gmail.com,+917859321334,Bhopal,Madhya Pradesh,India,396522
1089,Eesha Parmer,nirjabassi281@gmail.com,0599293784,Kolkata,West Bengal,India,701039
1090,Anmol Vyas,nidhikohli358@gmail.com,00593252500,Noida,Uttar Pradesh,India,921851
1091,Meghana Chaudhuri,chaudharidarsh757@gmail.com,04522675289,Mysuru,Karnataka,India,392644
1092,Peter Agarwal,ojasvi77788@gmail.com,9690295939,Dehradun,Uttarakhand,India,725135
1093,Oliver Chakrabarti,chakrika06612@gmail.com,5704331541,Jaipur,Rajasthan,India,067626
1094,Kritika Panchal,harrison88171@gmail.com,6179327104,Kochi,Kerala,India,541152
1095,Naveen Borde,dugalanita660@gmail.com,1599706296,Coimbatore,Tamil Nadu,India,015336
1096,Baghyawati Mishra,yashica14758@gmail.com,+911069872050,Jaipur,Rajasthan,India,149731
1097,Samuel Garde,taraksule13@gmail.com,4171467741,Shimla,Himachal Pradesh,India,256527
1098,Adya Sarraf,keernetra56@gmail.com,04349021158,Panaji,Goa,India,938068
1099,Vaishnavi Keer,koshybalveer687@gmail.com,04160898992,Dehradun,Uttarakhand,India,722332
1100,Pallavi Brar,mdubey892@gmail.com,6329451168,Delhi,Delhi,India,854870
1101,Isaiah Sachdeva,xmangat245@gmail.com,+912999119148,Bengaluru,Karnataka,India,646799
1102,Baljiwan Gera,walitanveer837@gmail.com,06299606530,Mysuru,Karnataka,India,450544
1103,Vyanjana Chaudhari,falak10879@gmail.com,+912475469137,Indore,Madhya Pradesh,India,678508
1104,Dominic Mukhopadhyay,niharikasunder310@gmail.com,8628902330,Raipur,Chhattisgarh,India,070534
1105,Ucchal Tiwari,wishi70590@gmail.com,01035797279,Jaipur,Rajasthan,India,524140
1106,Chandran Gaba,michaelborra813@gmail.com,3333468007,Delhi,Delhi,India,290349
1107,Anvi Sampath,misrayashica787@gmail.com,05743748969,Mumbai,Maharashtra,India,085899
1108,Chanchal Chokshi,nicholas5542@gmail.com,01545444328,Bhopal,Madhya Pradesh,India,096520
1109,Chakrika Lad,pahalbhatt235@gmail.com,06609935387,Bhubaneswar,Odisha,India,842824
1110,Urishilla Dave,rakshamittal399@gmail.com,4825135346,Ahmedabad,Gujarat,India,549471
1111,Chatresh Bobal,yastisolanki333@gmail.com,03816846022,Mysuru,Karnataka,India,569725
1112,Faris Sura,ushah572@gmail.com,02500743292,Jaipur,Rajasthan,India,129666
1113,Vansha Rajagopal,chatterjeeraagini836@gmail.com,+910835058300,Chennai,Tamil Nadu,India,354216
1114,Oliver Bhattacharyya,zayyan92775@gmail.com,+914478985625,Thiruvananthapuram,Kerala,India,532603
1115,Karan Kakar,contractoramara294@gmail.com,0982150648,Nagpur,Maharashtra,India,901001
1116,Sachi Rai,devikarastogi791@gmail.com,+918472304618,Visakhapatnam,Andhra Pradesh,India,992618
1117,Barkha Comar,morarjanya969@gmail.com,+917393483564,Gurgaon,Haryana,India,087375
1118,Aarnav Arya,ayush24905@gmail.com,1197218114,Indore,Madhya Pradesh,India,744701
1119,Balveer Mannan,dbora945@gmail.com,05611002255,Visakhapatnam,Andhra Pradesh,India,941552
1120,Nandini Ratta,bshroff975@gmail.com,04676212021,Mumbai,Maharashtra,India,979729
1121,Jagrati Balakrishnan,atharv13510@gmail.com,2771670145,Hyderabad,Telangana,India,899358
1122,Rachita Kothari,qkumer472@gmail.com,05628900287,Bengaluru,Karnataka,India,217535
1123,Chandresh Tripathi,onveer97934@gmail.com,+918663177971,Shimla,Himachal Pradesh,India,751701
1124,Nitara Banik,kalamane113@gmail.com,8019948837,Gurgaon,Haryana,India,503758
1125,Januja Sethi,shereodika256@gmail.com,+911305548851,Shimla,Himachal Pradesh,India,272614
1126,Raghav Dara,kalequshi755@gmail.com,03735160917,Ahmedabad,Gujarat,India,982708
1127,Rachita Subramanian,virajtiwari291@gmail.com,2922169958,Visakhapatnam,Andhra Pradesh,India,693465
1128,Sneha Deol,arunima23764@gmail.com,+916984858333,Delhi,Delhi,India,522885
1129,Indira Srinivasan,prandhawa584@gmail.com,9684608106,Raipur,Chhattisgarh,India,003424
1130,Madhav Bhatia,utkarsh52749@gmail.com,4380571983,Patna,Bihar,India,384066
1131,Dhriti Bhagat,jack6869@gmail.com,+914397359893,Vadodara,Gujarat,India,472122
1132,Krishna Baria,xiti2816@gmail.com,04842294057,Visakhapatnam,Andhra Pradesh,India,025909
1133,Vritti Parmar,bhattvamakshi443@gmail.com,+915832818268,Ahmedabad,Gujarat,India,153355
1134,Chaaya Kamdar,lakshmiparmer31@gmail.com,8780157399,Indore,Madhya Pradesh,India,056164
1135,Aryan Varughese,qdhar213@gmail.com,08877043581,Ahmedabad,Gujarat,India,288013
1136,Panini Chawla,narayanandipta873@gmail.com,+918612075011,Delhi,Delhi,India,248193
1137,Nikita Rama,qnayar418@gmail.com,06650618091,Lucknow,Uttar Pradesh,India,158144
1138,Baghyawati Sarma,mmittal75@gmail.com,06072832684,Patna,Bihar,India,450882
1139,Benjamin Ahluwalia,mraj469@gmail.com,9688143536,Shimla,Himachal Pradesh,India,223943
1140,Pratyush Bhagat,issaconi260@gmail.com,7814141397,Panaji,Goa,India,523149
1141,Rishi Nadkarni,jhalaksastry619@gmail.com,07594929955,Ranchi,Jharkhand,India,205336
1142,Jagvi Desai,dominicdate671@gmail.com,5777547812,Dehradun,Uttarakhand,India,428341
1143,Anirudh Tripathi,rajatarattan178@gmail.com,0996930848,Delhi,Delhi,India,256394
1144,Ucchal Thaker,calebverma894@gmail.com,1658039282,Shimla,Himachal Pradesh,India,229927
1145,Banjeet Kanda,fpau42@gmail.com,03145303856,Patna,Bihar,India,700518
1146,Adya Ghosh,charankrishnan192@gmail.com,06591846386,Kolkata,West Bengal,India,577908
1147,Ria Gandhi,ddash950@gmail.com,+911843222591,Noida,Uttar Pradesh,India,651777
1148,Neel Roy,nairdaksh418@gmail.com,+913029922809,Pune,Maharashtra,India,024286
1149,Bhanumati Chada,ladladli515@gmail.com,+917977236929,Noida,Uttar Pradesh,India,984257
1150,Victor Radhakrishnan,tanmayidhillon555@gmail.com,02103886291,Hyderabad,Telangana,India,799088
1151,Girik Subramaniam,dharazaan463@gmail.com,2980686508,Patna,Bihar,India,376599
1152,Pavani Desai,ojasvi23656@gmail.com,07314986430,Bhubaneswar,Odisha,India,981806
1153,Diya Rege,wishimanne80@gmail.com,01269448695,Visakhapatnam,Andhra Pradesh,India,636887
1154,Kamala Sule,nakul54886@gmail.com,04956213721,Shimla,Himachal Pradesh,India,865890
1155,Lopa Ahluwalia,qsengupta946@gmail.com,+912796114351,Dehradun,Uttarakhand,India,669849
1156,Parth Talwar,duttapahal152@gmail.com,00384309883,Indore,Madhya Pradesh,India,053021
1157,Mugdha Pandit,timothy5212@gmail.com,6693801184,Surat,Gujarat,India,543937
1158,Aayush Lal,parmerhemangini702@gmail.com,+916818184518,Thiruvananthapuram,Kerala,India,894769
1159,Yagnesh Nori,bmangal916@gmail.com,07907141633,Ahmedabad,Gujarat,India,658804
1160,Bhavna Chander,alkaben451@gmail.com,05182755394,Panaji,Goa,India,373334
1161,Veer Jain,ektabhalla248@gmail.com,+919521117908,Panaji,Goa,India,759579
1162,Vritti Goswami,cswaminathan797@gmail.com,4639208678,Pune,Maharashtra,India,856271
1163,Diya Anand,ekani12861@gmail.com,+913691559428,Dehradun,Uttarakhand,India,347955
1164,Wishi Samra,chaudhrysachi740@gmail.com,+916556472929,Chennai,Tamil Nadu,India,143866
1165,Madhav Doctor,cdixit496@gmail.com,00267288574,Ranchi,Jharkhand,India,890612
1166,Tanveer Kumar,golagaurangi660@gmail.com,01754558845,Ranchi,Jharkhand,India,615939
1167,Bhavani Pant,wmutti91@gmail.com,08771694722,Chennai,Tamil Nadu,India,699611
1168,Hemal Kari,vinayakanda929@gmail.com,05449647598,Shimla,Himachal Pradesh,India,622023
1169,Fariq Kade,choudharymichael439@gmail.com,+916111780068,Indore,Madhya Pradesh,India,149216
1170,Veer Kota,eswamy944@gmail.com,4722820055,Mumbai,Maharashtra,India,784872
1171,Tanmayi Saran,ryanbahri166@gmail.com,8457831745,Chennai,Tamil Nadu,India,424008
1172,Hemangini Mangat,palanpriya620@gmail.com,08077406493,Thiruvananthapuram,Kerala,India,853686
1173,Zaid Gade,raksha87354@gmail.com,6634163894,Panaji,Goa,India,846312
1174,Bimala Choudhry,manthanlata807@gmail.com,7974973502,Bhopal,Madhya Pradesh,India,802144
1175,Raksha Anand,hritikpalla295@gmail.com,+911207356475,Ranchi,Jharkhand,India,051204
1176,Ekbal Singhal,urvashikibe628@gmail.com,+913460136730,Panaji,Goa,India,718376
1177,Ekantika Dutt,chaudharysarthak664@gmail.com,0881474350,Indore,Madhya Pradesh,India,136502
1178,Jagdish Randhawa,matthew71443@gmail.com,+910097925132,Ranchi,Jharkhand,India,195005
1179,Hredhaan Dass,fariq31614@gmail.com,03585730652,Noida,Uttar Pradesh,India,077848
1180,Ranveer Grover,krishnarama229@gmail.com,5574982182,Dehradun,Uttarakhand,India,448570
1181,Qasim Bahl,chandranbumb110@gmail.com,5935186387,Thiruvananthapuram,Kerala,India,945651
1182,Ekalinga Bassi,nidra80851@gmail.com,+912031731096,Ranchi,Jharkhand,India,899405
1183,Ekavir Arya,pandeychanchal608@gmail.com,+917170586509,Pune,Maharashtra,India,801413
1184,Harrison Kashyap,pdalal845@gmail.com,6338392886,Jaipur,Rajasthan,India,957612
1185,Neelima Thaman,mitali15562@gmail.com,02897558556,Chennai,Tamil Nadu,India,593983
1186,Aachal Parsa,warhibansal903@gmail.com,07600490824,Ranchi,Jharkhand,India,433504
1187,Girindra Barad,nigamansh104@gmail.com,05224593344,Gurgaon,Haryana,India,969315
1188,Oscar Sura,vedika38362@gmail.com,9194096105,Hyderabad,Telangana,India,661390
1189,Chatura Mody,ekrish397@gmail.com,0589258320,Chandigarh,Chandigarh,India,799813
1190,Bimala Ramesh,rajanranveer234@gmail.com,+912517908641,Dehradun,Uttarakhand,India,862278
1191,Vinaya Rana,frederick31901@gmail.com,9389833146,Delhi,Delhi,India,911665
1192,Rayaan Nagi,nattdominic565@gmail.com,09042597927,Dehradun,Uttarakhand,India,335211
1193,Xavier Divan,yashgade105@gmail.com,00514770538,Coimbatore,Tamil Nadu,India,388487
1194,Andrew Puri,adwetaedwin373@gmail.com,8042043940,Pune,Maharashtra,India,016451
1195,Brinda Raju,harini49916@gmail.com,+916815798123,Kolkata,West Bengal,India,800384
1196,Vrishti Ramaswamy,lmall961@gmail.com,2055543840,Raipur,Chhattisgarh,India,608432
1197,Maya Devan,rkothari185@gmail.com,+916893639264,Panaji,Goa,India,782329
1198,Lakshit More,uaurora997@gmail.com,8262925188,Nagpur,Maharashtra,India,252056
1199,Chavvi Savant,jwali521@gmail.com,4231220994,Patna,Bihar,India,933051
1200,Krish Thakkar,girindra8672@gmail.com,7526772233,Lucknow,Uttar Pradesh,India,604633
1201,Dominic Goel,grewalekapad81@gmail.com,09757366096,Raipur,Chhattisgarh,India,699988
1202,Ikbal Seth,oliver99706@gmail.com,00388608680,Ranchi,Jharkhand,India,476447
1203,Pahal Menon,aishanidalia474@gmail.com,0827718129,Dehradun,Uttarakhand,India,665702
1204,Saksham Sha,saanvi98415@gmail.com,+914521117518,Pune,Maharashtra,India,892686
1205,Onkar Nayak,surinikita750@gmail.com,2222064474,Pune,Maharashtra,India,123094
1206,Tara Tank,qpandya469@gmail.com,08097339776,Mumbai,Maharashtra,India,199038
1207,Sarthak Bawa,jagdish82474@gmail.com,+912050209945,Noida,Uttar Pradesh,India,016224
1208,Tamanna Parsa,xmanda79@gmail.com,+911455616814,Kolkata,West Bengal,India,214586
1209,Shaurya Bhardwaj,udantdewan124@gmail.com,+919817946954,Chandigarh,Chandigarh,India,299787
1210,Pranit Kaul,theodore28728@gmail.com,4301071396,Bhopal,Madhya Pradesh,India,055830
1211,Baghyawati Kumar,shajyoti348@gmail.com,+914488501556,Jaipur,Rajasthan,India,235577
1212,Laban Subramaniam,borahtanay248@gmail.com,+917857608495,Dehradun,Uttarakhand,India,395512
1213,Azaan Nori,vamakshi82168@gmail.com,08299629145,Bengaluru,Karnataka,India,461735
1214,Chasmum Kalita,cseth812@gmail.com,4215031780,Bhubaneswar,Odisha,India,823578
1215,Falak Dhar,bnayar748@gmail.com,+918230768104,Jaipur,Rajasthan,India,915701
1216,Arin Muni,balendrapingle283@gmail.com,3533448571,Patna,Bihar,India,224109
1217,Samuel Palla,priya96675@gmail.com,5424932149,Mysuru,Karnataka,India,870207
1218,Hitesh Rajagopal,qprabhakar562@gmail.com,+911662997954,Kochi,Kerala,India,381792
1219,Upadhriti Chatterjee,baraldayamai17@gmail.com,04773329456,Chandigarh,Chandigarh,India,557701
1220,Isaiah Panchal,senguptaraghav508@gmail.com,07245992816,Noida,Uttar Pradesh,India,581487
1221,Odika Khare,xitipandya426@gmail.com,3827615396,Raipur,Chhattisgarh,India,958321
1222,Ishwar Sheth,indirakanda612@gmail.com,08172461919,Visakhapatnam,Andhra Pradesh,India,570132
1223,Manan Dixit,balangirik769@gmail.com,08469973354,Bhopal,Madhya Pradesh,India,651909
1224,Joshua Menon,murthydakshesh601@gmail.com,+915800851403,Mumbai,Maharashtra,India,965666
1225,Siddharth Ghose,finn7058@gmail.com,02386562422,Hyderabad,Telangana,India,102762
1226,Laksh Sagar,dugaraarnav213@gmail.com,09692786876,Shimla,Himachal Pradesh,India,326909
1227,Warjas Thaker,farhanraja458@gmail.com,06895009751,Jaipur,Rajasthan,India,128478
1228,Gaurang Korpal,rushildin77@gmail.com,01894905807,Chennai,Tamil Nadu,India,879565
1229,Bimala Ganesh,chandanibalakrishnan329@gmail.com,+919494079290,Vadodara,Gujarat,India,904712
1230,Arunima Krishnan,alkawable230@gmail.com,+919444019292,Jaipur,Rajasthan,India,524372
1231,Hemal Chad,rkhare479@gmail.com,+919276637239,Delhi,Delhi,India,041027
1232,Vamakshi Mitra,rgoswami954@gmail.com,08366742860,Hyderabad,Telangana,India,765801
1233,Rachana Mahajan,qatwal890@gmail.com,04414967393,Surat,Gujarat,India,258001
1234,Nisha Chaudhari,upmavenkataraman124@gmail.com,1753443009,Indore,Madhya Pradesh,India,093911
1235,Kalpit Prashad,frado02573@gmail.com,9212447174,Patna,Bihar,India,542140
1236,Lipika Natarajan,doshimanthan118@gmail.com,+914427173962,Thiruvananthapuram,Kerala,India,128639
1237,Riya Lad,sarafhemani714@gmail.com,+910119470720,Ranchi,Jharkhand,India,642569
1238,Yutika Swaminathan,azadmutti527@gmail.com,06618306719,Bhopal,Madhya Pradesh,India,546015
1239,Faris Sharaf,icontractor986@gmail.com,03280634615,Indore,Madhya Pradesh,India,173203
1240,William Suresh,krishjairaj227@gmail.com,01847870050,Surat,Gujarat,India,061387
1241,Viraj Bora,isaac46838@gmail.com,+912707903202,Kochi,Kerala,India,417929
1242,Hitesh Comar,mitrajai400@gmail.com,09931365651,Hyderabad,Telangana,India,530925
1243,Jai Mahal,swaminathansachi699@gmail.com,+916258273902,Chandigarh,Chandigarh,India,962071
1244,Abhimanyu Gola,urishillabakshi536@gmail.com,+919467232487,Shimla,Himachal Pradesh,India,329092
1245,Gaurang Mitra,tanishom951@gmail.com,06083318195,Vadodara,Gujarat,India,734031
1246,Urvi Tank,warinderchauhan958@gmail.com,+912005436459,Kolkata,West Bengal,India,010822
1247,Vedhika Varma,maanav28204@gmail.com,+911379956353,Jaipur,Rajasthan,India,531363
1248,Thomas Borah,luthrabanjeet29@gmail.com,09706239726,Delhi,Delhi,India,273543
1249,Joshua Balay,ztalwar590@gmail.com,9042177625,Gurgaon,Haryana,India,492929
1250,Gabriel Sabharwal,varkeywazir877@gmail.com,7397740633,Indore,Madhya Pradesh,India,693929
1251,Omisha Basu,barkha13986@gmail.com,+917806867177,Mumbai,Maharashtra,India,180632
1252,Chakrika Khare,shravya37706@gmail.com,1074279907,Kochi,Kerala,India,262570
1253,Lekha Natarajan,pallavi6754@gmail.com,0464989319,Panaji,Goa,India,085016
1254,Udyati Baria,jonathan71279@gmail.com,05281832538,Ranchi,Jharkhand,India,793355
1255,Yahvi Sampath,seshadriharshil204@gmail.com,00155778817,Visakhapatnam,Andhra Pradesh,India,795137
1256,Faris Raman,saumyadey137@gmail.com,+914112412723,Noida,Uttar Pradesh,India,468275
1257,Sachi Bail,yauvanicomar563@gmail.com,03103856955,Thiruvananthapuram,Kerala,India,988774
1258,Damini Garg,jasmitwali70@gmail.com,03754025472,Thiruvananthapuram,Kerala,India,842222
1259,Jackson Barman,dsagar561@gmail.com,09274523805,Thiruvananthapuram,Kerala,India,257828
1260,Jairaj Bakshi,chakradev36105@gmail.com,07275208854,Noida,Uttar Pradesh,India,492975
1261,Varenya Baria,tbrahmbhatt156@gmail.com,+918140693751,Kolkata,West Bengal,India,093983
1262,Rohan Bajaj,tranganathan75@gmail.com,+918718637599,Patna,Bihar,India,562656
1263,Advik Mane,ekantika3121@gmail.com,05478137674,Indore,Madhya Pradesh,India,662991
1264,Sarthak Mitter,bathvedant99@gmail.com,08519610646,Bengaluru,Karnataka,India,879232
1265,Bimala Swaminathan,adubey145@gmail.com,+914947873002,Noida,Uttar Pradesh,India,471462
1266,Yash Balakrishnan,sbehl153@gmail.com,+914719597964,Panaji,Goa,India,158904
1267,Dalbir Dhingra,onadig783@gmail.com,07252045650,Bhopal,Madhya Pradesh,India,481832
1268,Oliver Naidu,osharamachandran279@gmail.com,04451895202,Surat,Gujarat,India,576521
1269,Mohammed Thakur,kgole392@gmail.com,+913898881671,Bhopal,Madhya Pradesh,India,207545
1270,Riya Virk,maneupasna522@gmail.com,02401322342,Noida,Uttar Pradesh,India,216110
1271,Raagini Basak,akshay82906@gmail.com,+911089071401,Dehradun,Uttarakhand,India,011939
1272,Qasim Panchal,wriddhishghose633@gmail.com,+911249552893,Hyderabad,Telangana,India,190833
1273,Onveer Yogi,indira19442@gmail.com,+911387592712,Thiruvananthapuram,Kerala,India,663836
1274,Dipta Dasgupta,akari357@gmail.com,01827548015,Shimla,Himachal Pradesh,India,164794
1275,Upkaar Reddy,bhavyamandal790@gmail.com,06317520716,Lucknow,Uttar Pradesh,India,811266
1276,Om Bhattacharyya,aarnav44685@gmail.com,03539613674,Kochi,Kerala,India,657967
1277,Manan Sha,janujasankar342@gmail.com,+911477320101,Lucknow,Uttar Pradesh,India,026952
1278,Gopal Bose,zashildevan235@gmail.com,8773477848,Noida,Uttar Pradesh,India,880061
1279,Shivani Murty,lbandi82@gmail.com,07700284276,Indore,Madhya Pradesh,India,467197
1280,Vamakshi Dugar,akshay86759@gmail.com,0647969545,Bhopal,Madhya Pradesh,India,090255
1281,Harita Rai,jsane224@gmail.com,+916556503334,Chandigarh,Chandigarh,India,141520
1282,Baljiwan Sharma,sudiksha44455@gmail.com,6986407905,Gurgaon,Haryana,India,965917
1283,Samesh Nayar,siddharth75103@gmail.com,08529456371,Lucknow,Uttar Pradesh,India,440496
1284,George Chandran,skhosla283@gmail.com,5419876351,Visakhapatnam,Andhra Pradesh,India,846853
1285,Neelima Krishnamurthy,eloyal626@gmail.com,8782082973,Ahmedabad,Gujarat,India,489690
1286,Janya Shere,nisha74836@gmail.com,+913246651364,Kolkata,West Bengal,India,249363
1287,Mason Handa,xtrivedi498@gmail.com,+913477866032,Indore,Madhya Pradesh,India,204482
1288,Vedika Bahri,girik34284@gmail.com,+911594165162,Noida,Uttar Pradesh,India,198189
1289,Watika Chana,gadedeepa442@gmail.com,+919155963632,Chandigarh,Chandigarh,India,234764
1290,Vritti Walla,sandaltheodore745@gmail.com,01586734257,Noida,Uttar Pradesh,India,409003
1291,Leena More,singhalka961@gmail.com,5183760644,Thiruvananthapuram,Kerala,India,343275
1292,Bahadurjit Mahal,chanderrachana206@gmail.com,+917765612481,Shimla,Himachal Pradesh,India,698570
1293,Qarin Sawhney,thayer975@gmail.com,2063459112,Chennai,Tamil Nadu,India,829657
1294,Kiaan Lad,sudikshaaggarwal900@gmail.com,+919543165266,Surat,Gujarat,India,008931
1295,Rushil Lala,yadavinarula631@gmail.com,2069694215,Vadodara,Gujarat,India,910867
1296,Jagat Kapur,ishwar49483@gmail.com,3344762639,Lucknow,Uttar Pradesh,India,436262
1297,Bina Lala,chandapallavi176@gmail.com,+919735971072,Chandigarh,Chandigarh,India,636694
1298,Girish Bhargava,mhalder794@gmail.com,+915375990048,Visakhapatnam,Andhra Pradesh,India,465280
1299,Abha Gara,yashwali675@gmail.com,7572158624,Raipur,Chhattisgarh,India,502745
1300,Barkha Lall,salvivrishti551@gmail.com,4856257287,Mumbai,Maharashtra,India,320320
1301,Abha Gade,ikshitapanchal281@gmail.com,7617075877,Lucknow,Uttar Pradesh,India,121513
1302,Pranit Ganguly,wkala708@gmail.com,8499390892,Lucknow,Uttar Pradesh,India,137150
1303,Jairaj Ramesh,ekiyababu684@gmail.com,09152017774,Kolkata,West Bengal,India,509759
1304,Siddharth Bava,ecomar529@gmail.com,4501896164,Indore,Madhya Pradesh,India,361032
1305,Neha Mane,baraddaksha695@gmail.com,2147649251,Ranchi,Jharkhand,India,837767
1306,Pallavi Chana,kotharirehaan559@gmail.com,05926610857,Vadodara,Gujarat,India,278814
1307,Rajeshri Buch,owen10106@gmail.com,04224386490,Surat,Gujarat,India,081866
1308,Ucchal Kulkarni,michaelprakash835@gmail.com,04918017226,Mysuru,Karnataka,India,164597
1309,Alka Om,amblesamarth958@gmail.com,+913219416800,Bhopal,Madhya Pradesh,India,102776
1310,Chavvi Patel,frado82313@gmail.com,6412203103,Nagpur,Maharashtra,India,372368
1311,Gabriel Mitra,ekbalbhasin954@gmail.com,02760122777,Nagpur,Maharashtra,India,793349
1312,Charan Nath,santjanaki267@gmail.com,+911667998407,Nagpur,Maharashtra,India,789973
1313,Anirudh Sami,raivansha774@gmail.com,5814671795,Noida,Uttar Pradesh,India,602437
1314,Raksha Kata,daksheshtrivedi731@gmail.com,3959724665,Kolkata,West Bengal,India,293417
1315,Oscar Iyengar,rajata70607@gmail.com,+919716743380,Kochi,Kerala,India,545228
1316,Devansh Nazareth,sudiksha66829@gmail.com,01931837455,Coimbatore,Tamil Nadu,India,842891
1317,Raksha Shankar,darsh64600@gmail.com,+911991808121,Ranchi,Jharkhand,India,524787
1318,Mitesh Patla,khatrinathan97@gmail.com,02137603754,Shimla,Himachal Pradesh,India,145653
1319,Oviya Kari,hamsini1779@gmail.com,+916667850720,Ranchi,Jharkhand,India,155626
1320,Maya Bansal,tara00756@gmail.com,2908466845,Thiruvananthapuram,Kerala,India,048926
1321,Samesh Sathe,gaurang6170@gmail.com,5634108562,Chennai,Tamil Nadu,India,318848
1322,Nathaniel Bajaj,saumyamall238@gmail.com,+918943468105,Noida,Uttar Pradesh,India,851017
1323,Abdul Setty,lakshmi5182@gmail.com,03998935449,Bengaluru,Karnataka,India,683158
1324,Jalsa Sha,rraghavan233@gmail.com,+912661106273,Lucknow,Uttar Pradesh,India,158698
1325,Aishani Tara,caleb78768@gmail.com,6776228277,Kochi,Kerala,India,881377
1326,Naksh Pingle,neha4810@gmail.com,+919611594082,Noida,Uttar Pradesh,India,545447
1327,Luke Dhar,kalaansh258@gmail.com,6044327018,Mysuru,Karnataka,India,106794
1328,Geetika Purohit,rajata98580@gmail.com,09228777251,Surat,Gujarat,India,636580
1329,Arunima Chakrabarti,bakshianvi664@gmail.com,+910948181398,Bhopal,Madhya Pradesh,India,983780
1330,Pranit Bahl,vpai979@gmail.com,03397189569,Bengaluru,Karnataka,India,705626
1331,Edhitha Raja,divyakala37@gmail.com,01118242241,Raipur,Chhattisgarh,India,462095
1332,Avi Bhardwaj,nbanik757@gmail.com,06152654610,Bhubaneswar,Odisha,India,399378
1333,Ishwar Luthra,qushidatta728@gmail.com,+915786170630,Pune,Maharashtra,India,891382
1334,Niharika Sehgal,sudiksha8972@gmail.com,+918325823868,Noida,Uttar Pradesh,India,007942
1335,Darpan Subramaniam,udyati77834@gmail.com,09465398402,Lucknow,Uttar Pradesh,India,416128
1336,Rachana Kade,ikakar990@gmail.com,8554743553,Pune,Maharashtra,India,950209
1337,Aayush Andra,farhanchada358@gmail.com,2687681180,Ranchi,Jharkhand,India,156956
1338,Abhiram Dash,qushi14866@gmail.com,05370304531,Kolkata,West Bengal,India,337504
1339,Shaurya Amble,zarnashetty332@gmail.com,+916149872839,Ahmedabad,Gujarat,India,192124
1340,Anusha Handa,harsh16114@gmail.com,0894870605,Mumbai,Maharashtra,India,641877
1341,Zansi Bassi,janujapradhan603@gmail.com,3046875063,Delhi,Delhi,India,190361
1342,Ronith Gala,saanvi6761@gmail.com,04110760954,Pune,Maharashtra,India,173505
1343,Elijah Sarna,petersachar633@gmail.com,+917911006512,Coimbatore,Tamil Nadu,India,704961
1344,Daksh Ben,faqidkibe404@gmail.com,06619639907,Surat,Gujarat,India,769915
1345,Sudiksha Varughese,sseshadri166@gmail.com,09311091939,Dehradun,Uttarakhand,India,845679
1346,Quincy Kibe,chanderchaitaly666@gmail.com,+910024968549,Bhubaneswar,Odisha,India,274954
1347,Abhiram Vasa,kcontractor173@gmail.com,2038806533,Bengaluru,Karnataka,India,153779
1348,Gautami Mistry,sachimane881@gmail.com,05217073033,Nagpur,Maharashtra,India,933756
1349,Mugdha Gour,tarakkaul836@gmail.com,+915015081247,Indore,Madhya Pradesh,India,950033
1350,Owen Kanda,chahalpahal35@gmail.com,02583230241,Shimla,Himachal Pradesh,India,261534
1351,Wriddhish Pingle,daliaadvika957@gmail.com,02896112233,Mysuru,Karnataka,India,559630
1352,Chaitaly Dixit,fradomander420@gmail.com,03042897317,Vadodara,Gujarat,India,286857
1353,Praneel Nagy,buchekanta679@gmail.com,5877749690,Kolkata,West Bengal,India,337363
1354,Pavani Purohit,apall909@gmail.com,2548121478,Gurgaon,Haryana,India,390789
1355,Pooja Seshadri,ramakrishnanalka643@gmail.com,06657546027,Gurgaon,Haryana,India,415148
1356,Aradhana Kari,nitesh47244@gmail.com,+911150835354,Chandigarh,Chandigarh,India,439284
1357,Chandani Manda,znori480@gmail.com,06690782633,Coimbatore,Tamil Nadu,India,738987
1358,Harini Chada,ohanda883@gmail.com,03663778052,Chandigarh,Chandigarh,India,407553
1359,Pavani Raval,hbahl724@gmail.com,8459090225,Pune,Maharashtra,India,636186
1360,Vaishnavi Chopra,pavani85310@gmail.com,09741218209,Ahmedabad,Gujarat,India,023164
1361,Viraj Manne,soodyadavi206@gmail.com,8170580256,Mysuru,Karnataka,India,212867
1362,Lopa Jhaveri,ychaudhary422@gmail.com,+913467299493,Gurgaon,Haryana,India,430271
1363,Yatin Vora,ekaraj45398@gmail.com,09777901475,Mumbai,Maharashtra,India,692632
1364,Tanvi Rajagopalan,pdubey83@gmail.com,2916032484,Shimla,Himachal Pradesh,India,376815
1365,Henry Thaman,choudhuryfaqid696@gmail.com,06724380701,Bhubaneswar,Odisha,India,656360
1366,Zashil Contractor,dmall442@gmail.com,2577711837,Dehradun,Uttarakhand,India,742209
1367,Peter Menon,gpathak430@gmail.com,+918621042752,Bhubaneswar,Odisha,India,083708
1368,Madhavi Morar,galaladli653@gmail.com,00900633533,Shimla,Himachal Pradesh,India,060053
1369,Thomas Char,osathe723@gmail.com,2206815583,Hyderabad,Telangana,India,866133
1370,Ishanvi Naik,alkabarad665@gmail.com,+910650637314,Bhubaneswar,Odisha,India,013649
1371,Harsh Yadav,bdua576@gmail.com,2419562525,Indore,Madhya Pradesh,India,150997
1372,Yasti Kaul,leeladua262@gmail.com,9030914363,Pune,Maharashtra,India,025743
1373,Keya Jayaraman,vihaan13171@gmail.com,0397524508,Chennai,Tamil Nadu,India,403553
1374,Chatura Kothari,damyantimani553@gmail.com,3968527017,Ranchi,Jharkhand,India,302321
1375,Samarth Keer,bariaazaan122@gmail.com,1674233629,Gurgaon,Haryana,India,449734
1376,Fariq Parsa,pallaudarsh891@gmail.com,06277689627,Kochi,Kerala,India,661498
1377,Parth Kurian,teerth09380@gmail.com,07474689715,Nagpur,Maharashtra,India,732300
1378,Vyanjana Ravel,hritikraja556@gmail.com,06567491601,Delhi,Delhi,India,923645
1379,Jyoti Bhardwaj,aviramesh234@gmail.com,6633705024,Visakhapatnam,Andhra Pradesh,India,243992
1380,Jackson Chanda,chandani64240@gmail.com,6691836264,Pune,Maharashtra,India,886946
1381,Ikbal Padmanabhan,sarrafharish443@gmail.com,+914364027011,Panaji,Goa,India,864622
1382,Quincy Desai,aradhanaverma668@gmail.com,+917281793230,Dehradun,Uttarakhand,India,346791
1383,Fariq Memon,pushti49871@gmail.com,+916141509377,Hyderabad,Telangana,India,004090
1384,Siddharth Vig,nghosh244@gmail.com,+916984775965,Nagpur,Maharashtra,India,553566
1385,Ishani Narayanan,dhaliwalupkaar937@gmail.com,+910762091843,Ahmedabad,Gujarat,India,797863
1386,Ekanta Badal,ksehgal915@gmail.com,5057397691,Ranchi,Jharkhand,India,671649
1387,Luke Venkatesh,ekapad85489@gmail.com,8027148727,Nagpur,Maharashtra,India,783332
1388,Hitesh Saran,guhazarna909@gmail.com,0256434712,Noida,Uttar Pradesh,India,153991
1389,Krishna Raj,jagrati56697@gmail.com,8633414111,Kochi,Kerala,India,931952
1390,Lajita Agarwal,sethyahvi488@gmail.com,00983665528,Visakhapatnam,Andhra Pradesh,India,160875
1391,Chaman Kanda,bachittar53967@gmail.com,07294209548,Surat,Gujarat,India,497374
1392,Daniel Nath,gdalia507@gmail.com,+913302764208,Bhopal,Madhya Pradesh,India,567566
1393,Barkha Mandal,siddharth24781@gmail.com,3861259047,Bhubaneswar,Odisha,India,927742
1394,Tejas Hayre,chaitanya05389@gmail.com,0591266201,Shimla,Himachal Pradesh,India,720185
1395,Manthan Raval,mohininarasimhan483@gmail.com,+910136749261,Nagpur,Maharashtra,India,647501
1396,Fitan Dara,inarayanan584@gmail.com,08309997419,Surat,Gujarat,India,676492
1397,Eshana Bhatt,khurananiharika778@gmail.com,8260688871,Raipur,Chhattisgarh,India,312920
1398,Dipta Das,dbahl502@gmail.com,+912932184011,Thiruvananthapuram,Kerala,India,582603
1399,Chakradhar Venkataraman,abhiram90577@gmail.com,08729758598,Shimla,Himachal Pradesh,India,103032
1400,Tanveer Desai,wakeetashetty475@gmail.com,8395429618,Kochi,Kerala,India,462671
1401,Pavani Dhar,kdube993@gmail.com,3143598926,Indore,Madhya Pradesh,India,566093
1402,Anamika Dash,kotaumang114@gmail.com,1861515542,Raipur,Chhattisgarh,India,401636
1403,Jatin Gill,wbiswas294@gmail.com,4971859484,Panaji,Goa,India,025625
1404,Vansha Datta,yoak141@gmail.com,00822269405,Visakhapatnam,Andhra Pradesh,India,967275
1405,Yadavi Mangat,ekarajmajumdar138@gmail.com,06834146511,Nagpur,Maharashtra,India,312901
1406,Waida Anne,rbobal175@gmail.com,08277881609,Shimla,Himachal Pradesh,India,068538
1407,Saumya Ganguly,uppalishaan409@gmail.com,8321528506,Chennai,Tamil Nadu,India,625153
1408,Bina Mistry,royjanya92@gmail.com,04430963480,Thiruvananthapuram,Kerala,India,970509
1409,Falguni Misra,yashasvi74383@gmail.com,01052650167,Dehradun,Uttarakhand,India,188261
1410,Abhimanyu Dugal,singhaltristan756@gmail.com,4376545628,Coimbatore,Tamil Nadu,India,177225
1411,Abdul Parmer,nimratdubey226@gmail.com,3134026650,Nagpur,Maharashtra,India,374167
1412,Joshua Nair,widishadhar931@gmail.com,08621102258,Jaipur,Rajasthan,India,305690
1413,Varsha Mann,janaki93568@gmail.com,07163928234,Bhubaneswar,Odisha,India,436371
1414,Ranbir Dixit,dayita6268@gmail.com,+911260432609,Pune,Maharashtra,India,106684
1415,Tristan Nayar,devanshsachdeva772@gmail.com,07086041454,Raipur,Chhattisgarh,India,635020
1416,Charles Nagy,psaxena913@gmail.com,+914749162475,Mysuru,Karnataka,India,411082
1417,Jalsa Pathak,batrayash226@gmail.com,9895343961,Jaipur,Rajasthan,India,291093
1418,Sanaya Chaudhary,trivenipalla260@gmail.com,+918954738202,Bhubaneswar,Odisha,India,684855
1419,Jacob Sarin,wahab45281@gmail.com,+917688029424,Bhubaneswar,Odisha,India,903678
1420,Noah Sarma,chakradev08746@gmail.com,6866943202,Kochi,Kerala,India,908788
1421,Chavvi Kannan,shroffbhavna133@gmail.com,04812308340,Coimbatore,Tamil Nadu,India,424033
1422,Aarav Palan,zdeol681@gmail.com,9551842694,Mysuru,Karnataka,India,005342
1423,Amol Yogi,ekta69110@gmail.com,9164983735,Pune,Maharashtra,India,396273
1424,Jyoti Divan,sankaranekantika341@gmail.com,01727223972,Jaipur,Rajasthan,India,042269
1425,Ekaraj Dhar,oviyavora372@gmail.com,+916376182091,Nagpur,Maharashtra,India,601002
1426,Fiyaz Loyal,hardik58594@gmail.com,+919001851327,Bengaluru,Karnataka,India,245723
1427,Amara Dasgupta,murtyzayyan255@gmail.com,+910184186203,Gurgaon,Haryana,India,366254
1428,Leena Chowdhury,noahsarma530@gmail.com,02131451951,Lucknow,Uttar Pradesh,India,109226
1429,Pratyush Sandal,lnair127@gmail.com,+914945147541,Pune,Maharashtra,India,225267
1430,Ekalinga Chowdhury,nathyagnesh813@gmail.com,6421522655,Jaipur,Rajasthan,India,676952
1431,Leela Sahota,munshipushti228@gmail.com,7887883619,Bhopal,Madhya Pradesh,India,893135
1432,Samar Badal,onaidu302@gmail.com,08721055247,Bhopal,Madhya Pradesh,India,863330
1433,Jacob Dhar,mohammedbrahmbhatt553@gmail.com,00650191792,Shimla,Himachal Pradesh,India,252131
1434,Omaja Doctor,lukerattan87@gmail.com,+917284765704,Visakhapatnam,Andhra Pradesh,India,200928
1435,Advay Randhawa,raksha7190@gmail.com,07849843624,Bengaluru,Karnataka,India,862369
1436,Theodore Ramanathan,aahanahora812@gmail.com,+918917756620,Ahmedabad,Gujarat,India,634111
1437,Gautami Bala,harinakshi50955@gmail.com,+914281139043,Ahmedabad,Gujarat,India,034199
1438,Veda Bath,samarth53801@gmail.com,+915140546835,Pune,Maharashtra,India,521568
1439,Yadavi Doctor,udyatikunda821@gmail.com,+919679042271,Chandigarh,Chandigarh,India,332288
1440,Sara Deep,anvi90990@gmail.com,04596063399,Gurgaon,Haryana,India,297102
1441,Gagan Tara,triyakumar539@gmail.com,+917524214955,Ahmedabad,Gujarat,India,127474
1442,Logan Dasgupta,ravelansh420@gmail.com,7054669275,Gurgaon,Haryana,India,516874
1443,Dakshesh Konda,isaini448@gmail.com,8021462961,Kolkata,West Bengal,India,671577
1444,Ikbal Chada,xkara650@gmail.com,+911663651559,Bengaluru,Karnataka,India,371470
1445,Upma Dhingra,pillaybhavini579@gmail.com,3590960567,Indore,Madhya Pradesh,India,030644
1446,Fiyaz Dhar,lsani252@gmail.com,+914614768342,Indore,Madhya Pradesh,India,165423
1447,Oni Subramaniam,parmarshivansh709@gmail.com,08265960893,Bhopal,Madhya Pradesh,India,992550
1448,Tara Divan,lshere745@gmail.com,05164807279,Visakhapatnam,Andhra Pradesh,India,033682
1449,Tarak Pall,vedant30177@gmail.com,+913905504481,Nagpur,Maharashtra,India,766558
